name,building_name,floor,room,category,description
PCL,성의회관,13F,1321,연구,
PCL혈액원,성의회관,13F,1310,연구,
START센터,성의회관,8F,,교육,시뮬레이션
Veritas라운지,성의회관,7F,,편의,
가톨릭세포치료사업단,성의회관,2F,2016,연구,
가톨릭세포치료사업단,성의회관,2F,2021,연구,
가톨릭정밀의학연구센터,성의회관,3F,3017,연구,
감염내과,성의회관,4F,4001,진료,
강의실,성의회관,7F,701~710,교육,
게스트하우스,성의회관,14F,1404~1410,숙박,포스텍 기숙사
게스트하우스,성의회관,14F,1413~1421,숙박,학교관리 개인사용
공동기기실,성의회관,13F,1319,연구,
공동기기실,성의회관,12F,1214,연구,
공동실험실,성의회관,12F,1209,연구,
공실,성의회관,2F,2017,시설,
공실,성의회관,4F,4003,시설,
공실,성의회관,4F,4008,시설,
공실,성의회관,4F,4011,시설,
공실,성의회관,4F,4012,시설,
공실,성의회관,5F,5001,시설,
공실,성의회관,5F,5009,시설,
공실,성의회관,5F,5011,시설,
공유오피스,성의회관,13F,1304,기업,포스텍
공조설비,성의회관,2F,2004,시설,"AHU-3, AHU-4"
공조실,성의회관,2F,2007,시설,
관절면역질환T2B센터,성의회관,2F,2018,연구,
교수실,성의회관,14F,1416,사무,성기헌교수
교수실,성의회관,14F,1417,사무,백종호교수
교수실,성의회관,14F,1418,사무,박은호교수
교수실,성의회관,14F,1419,사무,김평만교수
교수실,성의회관,14F,1420,사무,김수정교수
교수실,성의회관,14F,1421,사무,최진일교수
교수실,성의회관,13F,1301,사무,김정훈교수
교수실,성의회관,13F,1306,사무,조동우교수
교수실,성의회관,13F,1308,사무,김동성교수
교수실,성의회관,12F,1203,사무,"문석호,김형함"
교수실,성의회관,12F,1206,사무,김성원
교수실,성의회관,12F,1208,사무,"박성민,양승호"
교수실,성의회관,12F,1215,사무,"이승철,김도현"
기계실,성의회관,B1F,,시설,
기능성세포치료센터,성의회관,5F,5006,연구,
기능성세포치료센터,성의회관,5F,Jan-08,연구,오일환 교수
남자미화탈의실,성의회관,2F,2015,시설,
내분비내과,성의회관,4F,4002,진료,
논문심사실,성의회관,3F,312,교육,
대강당,성의회관,2F,2014,교육,
동위원소실,성의회관,8F,,연구,
로비,성의회관,1F,,공용,
류마티스센터,성의회관,5F,5017,연구,
맵스젠연구소,성의회관,13F,1309-4,기업,
방사선조사실,성의회관,7F,,연구,
부원장실,성의회관,12F,1217,행정,윤승규
비뇨기과,성의회관,4F,4009,진료,
상담센터,성의회관,6F,609,편의,
생명대학원,성의회관,5F,501,교육,
성당,성의회관,2F,203,시설,
세균배양실,성의회관,13F,1316,연구,
세미나실,성의회관,12F,1205,공용,
세포배양실,성의회관,13F,1312,연구,
세포배양실,성의회관,13F,1314,연구,
세포배양실,성의회관,13F,1318,연구,
세포배양실,성의회관,12F,1210,연구,
세포배양실,성의회관,12F,1212,연구,
세포생산관리사무실,성의회관,2F,2011,행정,
세포생산실,성의회관,2F,2006,연구,가톨릭세포치료사업단
세포생산실,성의회관,2F,2009,연구,B구역
세포생산실,성의회관,2F,2010,연구,A구역
세포조직공학연구소,성의회관,4F,4006,연구,전흥재 교수
세포치료사업단,성의회관,2F,2022,연구,박경호 교수
셀로이드,성의회관,13F,1309-7,기업,실험실
시과학연구소,성의회관,4F,4017,연구,세포치료사업단 포함
실험동물연구센터,성의회관,6F,,연구,
실험동물연구센터,성의회관,7F,,연구,
실험실,성의회관,2F,2002,연구,
실험실,성의회관,2F,2003,연구,
안내실,성의회관,1F,,행정,
알젠오가노,성의회관,13F,1309-3,기업,
연구교수실,성의회관,12F,1202,사무,
연구교수실,성의회관,12F,1216,사무,
연구실,성의회관,2F,2023,연구,
연구실,성의회관,2F,2024,연구,
연구실,성의회관,5F,5002,연구,"내분비/순환기내과, 진단검사의학과"
연구실,성의회관,5F,5003,연구,"호흡기내과, 내분비내과"
연구실,성의회관,5F,5005,연구,산부인과/위장관외과/성형외과/소화기내과/핵의학과
연구실,성의회관,5F,5010,연구,산부인과/영상의학/치과/핵의학
열람실,성의회관,9F,,편의,강한성열람실
원장실,성의회관,12F,1204,행정,김완욱
의학교육학교실,성의회관,5F,507,연구,
이비인후과/신경과/내분비내과,성의회관,4F,4005,진료,
이비인후과/외과/정형외과,성의회관,4F,4010,진료,
인문사회의학교실,성의회관,3F,301,연구,
저온실,성의회관,12F,1211,연구,
정보융합센터장실,성의회관,2F,2020,사무,
정보전략팀 서버실,성의회관,2F,2001,시설,서버실
정신과학교실,성의회관,5F,5004,연구,
주차장,성의회관,B2F,,시설,
줄기세포배양실,성의회관,13F,1313,연구,
진단검사의학/혈액내과,성의회관,4F,4004,진료,
총장실,성의회관,7F,703,행정,
팩스룸,성의회관,13F,1311,시설,
품질관리실,성의회관,2F,2008,연구,
플럼라인생명과학,성의회관,13F,1307,기업,
플럼라인생명과학,성의회관,13F,1315,기업,
플럼라인연구소,성의회관,13F,1309-8,기업,
학생상담센터,성의회관,2F,206,편의,
학생휴게실,성의회관,4F,401,편의,남
학생휴게실,성의회관,4F,412,편의,여
한국가톨릭의료협회,성의회관,2F,2013,기관,
행정대학원,성의회관,6F,601,행정,
행정지원팀,성의회관,12F,1201,행정,포가
현상실,성의회관,8F,,연구,
화상회의실,성의회관,13F,1305,공용,
회의실,성의회관,12F,1207,공용,
회의실,성의회관,2F,2019,회의,2018호 회의실
효원도서관,성의회관,11F,,도서관,사서팀/복사실
효원도서관,성의회관,10F,,도서관,전자정보실/영상자료
가톨릭세포치료사업단,의산연01,2F,2016,연구,
가톨릭세포치료사업단,의산연01,2F,2021,연구,
가톨릭세포치료사업단,의산연01,2F,2016,연구,
가톨릭세포치료사업단,의산연01,2F,2021,연구,
가톨릭정밀의학연구센터,의산연01,3F,3017,연구,
가톨릭정밀의학연구센터,의산연01,3F,3017,연구,
감염내과,의산연01,4F,4001,진료,
감염내과,의산연01,4F,4001,진료,
강의실,의산연01,1F,1002,교육,대학원
강의실,의산연01,1F,1003,교육,대학원
검체관리실,의산연01,1F,1018,연구,임상연구지원센터
계측실,의산연01,B1F,B105,연구,
공동기기실,의산연01,1F,1010,연구,
공실,의산연01,B1F,B122,시설,
공실,의산연01,B1F,B123,시설,
공실,의산연01,2F,2017,시설,
공실,의산연01,4F,4003,시설,
공실,의산연01,4F,4008,시설,
공실,의산연01,4F,4011,시설,
공실,의산연01,4F,4012,시설,
공실,의산연01,2F,2017,시설,
공실,의산연01,4F,4003,시설,
공실,의산연01,4F,4008,시설,
공실,의산연01,4F,4011,시설,
공실,의산연01,4F,4012,시설,
공조설비,의산연01,2F,2004,시설,"AHU-3, AHU-4"
공조설비,의산연01,2F,2004,시설,"AHU-3, AHU-4"
공조실,의산연01,2F,2007,시설,
공조실,의산연01,2F,2007,시설,
공초점현미경실,의산연01,1F,1010-2,연구,
관절면역질환T2B센터,의산연01,2F,2018,연구,
관절면역질환T2B센터,의산연01,2F,2018,연구,
교수실,의산연01,B1F,B101,사무,서태석 교수
교육실,의산연01,1F,1008,교육,
기관실,의산연01,B1F,B101,시설,관제실 내
남자미화탈의실,의산연01,2F,2015,시설,
남자미화탈의실,의산연01,2F,2015,시설,
내분비내과,의산연01,4F,4002,진료,
내분비내과,의산연01,4F,4002,진료,
대강당,의산연01,2F,2014,교육,
대강당,의산연01,2F,2014,교육,
대사영상실,의산연01,B1F,B106,연구,
멸균실,의산연01,1F,1016,연구,
문서보관실,의산연01,1F,1012,시설,가톨릭임상지원센터
물품보관실,의산연01,1F,1001,시설,
방사선분석실,의산연01,B1F,B104,연구,
비뇨기과,의산연01,4F,4009,진료,
비뇨기과,의산연01,4F,4009,진료,
산학협동실,의산연01,B1F,B110,연구,
세포배양실,의산연01,1F,1015,연구,
세포생산관리사무실,의산연01,2F,2011,행정,
세포생산관리사무실,의산연01,2F,2011,행정,
세포생산실,의산연01,2F,2006,연구,가톨릭세포치료사업단
세포생산실,의산연01,2F,2009,연구,B구역
세포생산실,의산연01,2F,2010,연구,A구역
세포생산실,의산연01,2F,2006,연구,가톨릭세포치료사업단
세포생산실,의산연01,2F,2009,연구,B구역
세포생산실,의산연01,2F,2010,연구,A구역
세포조직공학연구소,의산연01,4F,4006,연구,전흥재 교수
세포조직공학연구소,의산연01,4F,4006,연구,전흥재 교수
세포치료사업단,의산연01,2F,2022,연구,박경호 교수
세포치료사업단,의산연01,2F,2022,연구,박경호 교수
시과학연구소,의산연01,4F,4017,연구,세포치료사업단 포함
시과학연구소,의산연01,4F,4017,연구,세포치료사업단 포함
실험실,의산연01,1F,1011,연구,
실험실,의산연01,2F,2002,연구,
실험실,의산연01,2F,2003,연구,
실험실,의산연01,2F,2002,연구,
실험실,의산연01,2F,2003,연구,
암실,의산연01,1F,1017,연구,
여자미화대기실,의산연01,B1F,B118,시설,
연구기술지원팀,의산연01,1F,1009,행정,
연구실,의산연01,1F,1006,연구,
연구실,의산연01,1F,1007,연구,"1007-1,2,3"
연구실,의산연01,2F,2023,연구,
연구실,의산연01,2F,2024,연구,
연구실,의산연01,2F,2023,연구,
연구실,의산연01,2F,2024,연구,
연구원휴게실,의산연01,1F,1004,편의,
외과중앙연구소,의산연01,1F,1013,연구,
유세포분석실,의산연01,1F,1010-1,연구,
의공학교실사무실,의산연01,B1F,B103,행정,
의공학교실연구소,의산연01,B1F,B102,연구,
의과학자교육연구단,의산연01,1F,1005,연구,미래인재형
의학물리실,의산연01,B1F,B107,연구,좌
의학물리실,의산연01,B1F,B108,연구,우
이비인후과/신경과/내분비내과,의산연01,4F,4005,진료,
이비인후과/신경과/내분비내과,의산연01,4F,4005,진료,
이비인후과/외과/정형외과,의산연01,4F,4010,진료,
이비인후과/외과/정형외과,의산연01,4F,4010,진료,
재료실,의산연01,B1F,B109,연구,
저온실,의산연01,1F,1014,연구,
정보융합센터장실,의산연01,2F,2020,사무,
정보융합센터장실,의산연01,2F,2020,사무,
정보전략팀 서버실,의산연01,2F,2001,시설,서버실
정보전략팀 서버실,의산연01,2F,2001,시설,서버실
조직표본제작실,의산연01,1F,1019,연구,
조직표본제작실,의산연01,1F,1020,연구,
진단검사의학/혈액내과,의산연01,4F,4004,진료,
진단검사의학/혈액내과,의산연01,4F,4004,진료,
창고,의산연01,B1F,B121,시설,지하연결통로
초저온냉동고실,의산연01,B1F,B113,시설,
초저온냉동고실,의산연01,B1F,B113-1,시설,펜룸
통합관제실,의산연01,B1F,,시설,
품질관리실,의산연01,2F,2008,연구,
품질관리실,의산연01,2F,2008,연구,
한국가톨릭의료협회,의산연01,2F,2013,기관,
한국가톨릭의료협회,의산연01,2F,2013,기관,
현미경실,의산연01,1F,1010-3,연구,
회의실,의산연01,2F,2019,회의,2018호 회의실
회의실,의산연01,2F,2019,회의,2018호 회의실
106호회의실,대학본관,1F,,,
AED,대학본관,3F,,시설,자동심장충격기
CMA검사실,대학본관,4F,,검사,
CPR교육사무실,대학본관,B1F,,,
CPR교육실,대학본관,B1F,,심폐소생술,
DTx임상인증센터,대학본관,2F,,연구,
EPS실,대학본관,6F,,시설,
FISH검사실,대학본관,4F,,검사,
GX실,대학본관,3F,,편의,라파엘라운지 내부
HAVEST실,대학본관,4F,,연구,
IT사업프로토콜실,대학본관,2F,,연구,
TPS실,대학본관,6F,,시설,
간호대학강의실203,대학본관,2F,,교육,
간호대학강의실301,대학본관,3F,,교육,
간호대학강의실302,대학본관,3F,,교육,
간호대학강의실401,대학본관,4F,,교육,
간호대학강의실402,대학본관,4F,,교육,
간호대학실습준비실남,대학본관,3F,,교육,
간호대학실습준비실여,대학본관,3F,,교육,
갱의실남,대학본관,4F,,편의,
갱의실여,대학본관,4F,,편의,
고객행복팀,대학본관,1F,,,
공실,대학본관,5F,,기타,
공실1,대학본관,4F,,기타,
공실2,대학본관,4F,,기타,
공실3,대학본관,4F,,기타,
공실4,대학본관,4F,,기타,
공용라운지,대학본관,3F,,편의,라파엘라운지 내부
공용창고,대학본관,2F,,시설,공사 예정
구CRC실,대학본관,B1F,,,
구매관리팀,대학본관,1F,,,
국제보건의료연구소403,대학본관,4F,,연구,예정
국제보건의료연구소404,대학본관,4F,,연구,예정
근골격판독실,대학본관,3F,,의료,
급식실사무실,대학본관,B1F,,,
기계실,대학본관,B1F,,,
기록보관실,대학본관,4F,,시설,세포유전Unit
기획팀,대학본관,1F,,,
냉동고실,대학본관,4F,,시설,세포유전Unit
냉장고실,대학본관,4F,,시설,세포유전Unit
노동조합,대학본관,B1F,,전국민노동조합,
노사협력팀,대학본관,1F,,,
노조사무실,대학본관,1F,,,
노화대사질환연구소,대학본관,4F,,연구,
다목적세미나실,대학본관,2F,,교육,
대건사무실,대학본관,B1F,,,
대외협력부원장실,대학본관,2F,,행정,
대학원강사대기실,대학본관,3F,,교육,
대학원학생연구실,대학본관,3F,,연구,보건의료경영
대회의실,대학본관,2F,,공용,
라파엘라운지,대학본관,3F,,편의,노사협력팀 관리
릴렉스실,대학본관,3F,,편의,라파엘라운지 내부
미화창고,대학본관,4F,,시설,
병동지원Unit,대학본관,B1F,,,
병리과교수실,대학본관,3F,,사무,
병원통합행정사무실,대학본관,1F,,,
보건의료경영대학원세미나실,대학본관,3F,,교육,
보건의료경영대학원실습실204,대학본관,2F,,교육,
보건의료경영대학원조교실,대학본관,3F,,사무,
보건의료경영실습준비실205,대학본관,2F,,교육,
보건의료경영연구소,대학본관,3F,,연구,가톨릭
부원장실,대학본관,2F,,행정,
비서실,대학본관,2F,,행정,
빅데이터통합센터1,대학본관,2F,,연구,
빅데이터통합센터2,대학본관,2F,,연구,
빅데이터통합센터3,대학본관,2F,,연구,
생명사랑상담실,대학본관,1F,,,
생명사랑위기대응센터,대학본관,1F,,,
성의문화사,대학본관,B1F,,,
세미나실,대학본관,3F,,교육,
세포배양실,대학본관,4F,,연구,
세포유전Unit,대학본관,4F,,연구,
세포유전자검사실,대학본관,4F,,검사,
소아완화의료팀,대학본관,1F,,솔솔바람,
소회의실,대학본관,2F,,공용,
수면실,대학본관,3F,,편의,안전보건관리팀
시설팀,대학본관,B1F,,,
시청각실201,대학본관,2F,,교육,201호
시청각실202,대학본관,2F,,교육,202호
신경과임상연구실,대학본관,B1F,,신경심리검사 포함,
신장내과임상연구지원실,대학본관,B1F,,공실,
심뇌혈관병원운영팀,대학본관,4F,,행정,팀장실/갱의실/회의실
안은행,대학본관,B1F,,안구은행,
안전보건관리팀,대학본관,3F,,행정,
암병원갱의실,대학본관,5F,,편의,
암병원운영팀,대학본관,5F,,행정,
암병원창고,대학본관,5F,,시설,
암병원팀장실,대학본관,5F,,사무,
암병원회의실1,대학본관,1F,,,
암병원회의실2,대학본관,5F,,공용,
연구과제추진실,대학본관,2F,,연구,
연구실,대학본관,2F,,연구,
연구실,대학본관,3F,,연구,
연구실,대학본관,4F,,연구,
염색체검사실,대학본관,4F,,검사,
영상의학과판독실,대학본관,3F,,의료,인터벤션/근골격
영상촬영스튜디오,대학본관,5F,,시설,
영선반,대학본관,B1F,,,
영성부장실,대학본관,2F,,행정,
영성부회합실,대학본관,B1F,,,
원목사무실,대학본관,2F,,행정,영성부장실 포함
원장실,대학본관,2F,,행정,의료원 보직자실
의과대학실습준비실,대학본관,3F,,교육,3/4학년
의료데이터중심병원사무국,대학본관,2F,,행정,총괄
의료윤리사무국,대학본관,1F,,사전연명치료 상담,
의무기록팀,대학본관,5F,,행정,
의무기록팀갱의실,대학본관,5F,,편의,
의무기록팀장실,대학본관,5F,,사무,
의무기록팀창고,대학본관,5F,,시설,
의무기록팀회의실,대학본관,5F,,공용,
인사팀,대학본관,1F,,,
임상교수실,대학본관,2F,,사무,
임상교수실,대학본관,3F,,사무,
임상교수실,대학본관,4F,,사무,
임상교수실,대학본관,5F,,사무,
임상교수실,대학본관,6F,,사무,
임상교수실(학교),대학본관,3F,,사무,
임상사무실,대학본관,5F,,사무,
임상연구코디네이터실1,대학본관,B1F,,CRC1,
임상연구코디네이터실2,대학본관,B1F,,CRC2,
임상연구코디네이터실3,대학본관,B1F,,CRC3,
임상치과대학원,대학본관,3F,,교육,
자료보관실,대학본관,5F,,시설,별관 B2 / 직원동행 필수
재무팀,대학본관,1F,,,
전공의의국,대학본관,3F,,사무,
전산교육실,대학본관,B1F,,,
정맥Unit,대학본관,B1F,,,
정보보호팀,대학본관,2F,,행정,
정보보호팀(학교),대학본관,2F,,행정,
정보분석실,대학본관,2F,,연구,
정보운영팀,대학본관,2F,,행정,
정보융합연구팀,대학본관,2F,,연구,
정보융합진흥원,대학본관,2F,,행정,
정보융합진흥원장실,대학본관,2F,,행정,
정보융합팀,대학본관,2F,,연구,
정보전략기획팀,대학본관,2F,,행정,
정보전략팀,대학본관,2F,,행정,서울성모병원
조혈모세포보관실,대학본관,4F,,시설,
중앙의료원교육실,대학본관,3F,,교육,
직원식당,대학본관,1F,,,
진단검사의학과검사실,대학본관,4F,,검사,
진단검사의학과교수실,대학본관,4F,,사무,
진단검사의학과냉동고실,대학본관,4F,,시설,
진단검사의학과냉장고실,대학본관,4F,,시설,
진단검사의학과창고,대학본관,4F,,시설,
진단검사의학과평가검사실,대학본관,4F,,검사,
진료협력팀,대학본관,1F,,,
진료협력팀갱의실,대학본관,1F,,,
진료협력팀창고,대학본관,1F,,,
진료협력팀회의실,대학본관,1F,,,
초저온냉동고저장실,대학본관,B1F,,,
총무팀,대학본관,1F,,,
총무팀임시창고,대학본관,4F,,시설,
탕비실,대학본관,3F,,편의,라파엘라운지 내부
택배보관실,대학본관,1F,,119호,
판독실,대학본관,4F,,의료,세포유전Unit
평생건강증진팀,대학본관,1F,,,
평생교육원강의실,대학본관,B1F,,,
프라이빗룸,대학본관,3F,,편의,라파엘라운지 내부
학생식당,대학본관,1F,,,
학생실습준비실,대학본관,3F,,교육,
혈관인터벤션판독실,대학본관,3F,,의료,
혈액병원운영팀,대학본관,B1F,,전문간호사실6,
혈액병원운영팀,대학본관,4F,,행정,팀장실/갱의실/회의실
혈액병원임상연구지원실,대학본관,B1F,,,
회의실,대학본관,2F,,공용,
회의실,대학본관,5F,,공용,
회의실(학교),대학본관,2F,,공용,
회의실116,대학본관,1F,,,
회의실117,대학본관,1F,,,
회의실118,대학본관,1F,,,
회의실5,대학본관,1F,,,
회의실509,대학본관,5F,,공용,
회의실510,대학본관,5F,,공용,
휴게실,대학본관,2F,,편의,
MT CARE사무실,병원별관,B2F,,외부,엠티케어
PI팀,병원별관,2F,,행정,
가정간호센터,병원별관,2F,,의료,
간호기숙사,병원별관,3F,,시설,올리브관
간호행정교육팀,병원별관,2F,,행정,간호부
감염관리팀,병원별관,2F,,행정,
강의실205,병원별관,2F,,교육,
교수연구실,병원별관,5F,,연구,
교수연구실(6F),병원별관,6F,,연구,
교수연구실(7F),병원별관,7F,,연구,
교수연구실(8F),병원별관,8F,,연구,
국제협력팀,병원별관,1F,,행정,
금호건설사무실,병원별관,B2F,,외부,
기자실,병원별관,1F,,시설,
기획조정실장실,병원별관,3F,,행정,
나프로임신센터,병원별관,1F,,의료,
노사협력팀,병원별관,3F,,행정,
대건사무실,병원별관,B2F,,외부,
대인자동차사무실,병원별관,B2F,,외부,
대학원강의실1201,병원별관,1F,,교육,
대학원강의실1202,병원별관,1F,,교육,
대학원강의실1203,병원별관,1F,,교육,
대학원강의실1204,병원별관,1F,,교육,
대학원강의실1205,병원별관,1F,,교육,
대학원강의실1206,병원별관,1F,,교육,
데이터중심병원사무국,병원별관,2F,,행정,총괄
데이터중심병원지원본부,병원별관,B2F,,행정,
동아리방,병원별관,B1F,,편의,
동아리방,병원별관,1F,,편의,
디지털병리A1연구소,병원별관,B2F,,연구,
라온시뮬레이션센터,병원별관,1F,,교육,
메디컬엑설런스,병원별관,4F,,교육,
면역질환연구소,병원별관,8F,,연구,구 연구소
모니터링실,병원별관,9F,,연구,
바이오코어센터,병원별관,7F,,연구,퍼실리티
발전기금팀,병원별관,1F,,행정,
방사선종양학과,병원별관,B1F,,의료,
베올리아산업개발,병원별관,B2F,,외부,
병원경영실장실,병원별관,3F,,행정,
병원홍보팀,병원별관,1F,,행정,
사무차장실,병원별관,3F,,행정,
사이버나이프센터,병원별관,B1F,,치료,
사제관,병원별관,3F,,시설,비안네관
설비Unit,병원별관,B2F,,시설,
성의교정행정사무실,병원별관,1F,,행정,총무/재무/구매/교학/교무
성의기획팀,병원별관,1F,,행정,
세포사멸질환연구센터,병원별관,2F,,연구,
수납,병원별관,1F,,행정,
수녀원,병원별관,3F,,시설,
수련교육팀,병원별관,1F,,행정,
수련교육팀,병원별관,4F,,행정,
스마트헬스케어,병원별관,2F,,연구,
안전상황실,병원별관,1F,,시설,
알레르기치료실,병원별관,2F,,치료,
암연구소,병원별관,10F,,연구,
암진화연구센터,병원별관,2F,,연구,
어린이집,병원별관,2F,,편의,
연구관리Unit,병원별관,9F,,행정,
연구윤리사무국,병원별관,9F,,행정,
연구행정팀,병원별관,2F,,행정,
영성구현실장실,병원별관,3F,,행정,
온열치료실,병원별관,B1F,,치료,방사선종양학과
옴니휘트니스센터,병원별관,1F,,편의,헬스장
완화의학과,병원별관,2F,,의료,
외과중앙연구소,병원별관,1F,,연구,
요나센터,병원별관,1F,,교육,간호실습실
우체국,병원별관,1F,,편의,우체통 포함
의료원원목팀,병원별관,1F,,행정,
의료원장실,병원별관,3F,,행정,보직자실
의료원홍보팀,병원별관,1F,,행정,
의료윤리사무국,병원별관,2F,,행정,
의용공학실,병원별관,2F,,연구,
의학통계지원실,병원별관,9F,,연구,
인체유래물은행,병원별관,B1F,,연구,
임상시험센터,병원별관,10F,,병동,
임상시험약국,병원별관,9F,,의료,
임상심리검사실,병원별관,5F,,검사,
임상연구실(류마티스내과),병원별관,B2F,,연구,
임상연구실(산부인과),병원별관,B2F,,연구,
임상연구실(순환기내과),병원별관,B2F,,연구,
임상연구실(신경외과),병원별관,B2F,,연구,
임상연구실(정신과),병원별관,B2F,,연구,
임상의과학연구사업단,병원별관,B1F,,연구,유전체 연구역량강화
자원봉사센터,병원별관,2F,,편의,
적정진료관리팀,병원별관,2F,,행정,보험심사팀
전공의숙소,병원별관,4F,,시설,
전기Unit,병원별관,B2F,,시설,
정맥Unit,병원별관,B1F,,시설,
정보운영팀,병원별관,B2F,,행정,
정보전략팀,병원별관,2F,,행정,
정보지원팀,병원별관,2F,,행정,
정신과정서연구실,병원별관,B1F,,연구,
정신의학과병동,병원별관,5F,,병동,
중앙구매운영팀,병원별관,2F,,행정,
중앙의료원행정사무실,병원별관,3F,,행정,인사/재무/기획/교육
직업환경의학과,병원별관,2F,,의료,
직업환경의학센터,병원별관,B1F,,의료,
초음파실,병원별관,2F,,검사,
콜센터,병원별관,1F,,행정,평화아름
통합검사실,병원별관,1F,,검사,CT/MRI/일반촬영
평생교육원,병원별관,2F,,교육,
해외연수생실,병원별관,B2F,,교육,
호스피스병동,병원별관,6F,,병동,
회의실1005,병원별관,1F,,공용,
APD,서울성모병원,1F,,,진료
ATM(우리은행),서울성모병원,1F,,금융,현금 인출
ATM(우리은행),서울성모병원,3F,,금융,
BMT병동,서울성모병원,19F,,병동,19-1
BMT병동2,서울성모병원,19F,,병동,19-2
BMT성인병동,서울성모병원,20F,,병동,20-1
BMT소아병동,서울성모병원,20F,,병동,20-2
BMT이식병동,서울성모병원,19F,,병동,
BMT이식병동,서울성모병원,20F,,병동,
CD등록기,서울성모병원,1F,,편의,영상 CD 등록
CD등록기,서울성모병원,3F,,편의,
CD발급창구,서울성모병원,2F,,원무,10장 미만
CT,서울성모병원,2F,,검사,
HICU,서울성모병원,20F,,중환자실,혈액계 ICU
MICU A,서울성모병원,7F,,중환자실,
MICU B,서울성모병원,7F,,중환자실,
MRI,서울성모병원,2F,,검사,
MTS검사,서울성모병원,3F,,검사,
NICU A,서울성모병원,9F,,중환자실,
NICU B,서울성모병원,9F,,중환자실,
PACS실,서울성모병원,2F,,시설,
PET-CT,서울성모병원,B1F,,,검사
PICU,서울성모병원,11F,,중환자실,소아중환자실
TPN조제실,서울성모병원,6F,,의료,
VC센터,서울성모병원,4F,,진료,
VIP병실,서울성모병원,21F,,병동,21-1
VVIP병실,서울성모병원,21F,,병동,21-2
X-RAY,서울성모병원,2F,,검사,
가정의학과,서울성모병원,1F,,,진료
가정의학과의국,서울성모병원,16F,,사무,
가정의학과의국,서울성모병원,16F,,사무,
간담도암병동,서울성모병원,15F,,병동,15-2
간담도영상검사,서울성모병원,B1F,,,검사
간담췌외과,서울성모병원,1F,,,진료
간담췌외과병동,서울성모병원,11F,,병동,
간담췌외과병동,서울성모병원,15F,,병동,
간섬유화검사,서울성모병원,3F,,검사,
간조직검사,서울성모병원,3F,,검사,
간초음파,서울성모병원,3F,,검사,
간클리닉,서울성모병원,3F,,진료,
간호통합병동,서울성모병원,13F,,병동,13-1
감마영상검사,서울성모병원,B1F,,,검사
감염내과,서울성모병원,2F,,진료,예방접종센터 포함
감염병동,서울성모병원,18F,,병동,혈액암
갑상선검사,서울성모병원,B1F,,,검사
갑상선방사선치료실,서울성모병원,19F,,치료,
갑상선초음파,서울성모병원,1F,,,검사
개원준비단사무국,서울성모병원,4F,,사무,
객담검사,서울성모병원,1F,,,검사
갱년기기능검사,서울성모병원,4F,,검사,
검사예약,서울성모병원,1F,,원무,검사 예약 접수
검사예약창구,서울성모병원,3F,,원무,성형외과 옆
결핵검사실,서울성모병원,3F,,검사,
결핵관리실,서울성모병원,12F,,시설,
경동맥초음파,서울성모병원,1F,,,검사
경동맥초음파,서울성모병원,4F,,검사,
경식도초음파,서울성모병원,4F,,검사,
경증응급실,서울성모병원,1F,,,진료
고객상담실,서울성모병원,1F,,원무,법무팀 포함
고위험산모집중치료실,서울성모병원,9F,,중환자실,MFICU
골밀도검사실,서울성모병원,2F,,검사,
골수검사실,서울성모병원,6F,,검사,
골스캔,서울성모병원,B1F,,,검사
공차,서울성모병원,B1F,,,상업
과내수술실,서울성모병원,3F,,치료,
관류스캔,서울성모병원,B1F,,,검사
관절초음파,서울성모병원,2F,,검사,
교수라운지,서울성모병원,8F,,편의,
교정과,서울성모병원,4F,,진료,
구강악안면외과,서울성모병원,4F,,진료,
근골격판독실,서울성모병원,2F,,시설,
근전도검사,서울성모병원,2F,,검사,
근전도검사,서울성모병원,3F,,검사,신경과
기계실,서울성모병원,B6F,,,시설
기계실,서울성모병원,6F,,시설,
기관지경실,서울성모병원,3F,,검사,
기능검사실,서울성모병원,3F,,검사,
기도실,서울성모병원,21F,,시설,
기립경검사,서울성모병원,2F,,검사,
기저귀교환대,서울성모병원,1F,,편의,외래약국 앞 화장실
난임센터검사실,서울성모병원,3F,,검사,
남산왕돈까스,서울성모병원,B1F,,,상업
내과의국,서울성모병원,18F,,사무,
내과의국,서울성모병원,19F,,사무,
내과중환자실,서울성모병원,5F,,의료,MICU
내분비내과,서울성모병원,1F,,,진료
내분비내과병동,서울성모병원,14F,,병동,14-1
내시경실,서울성모병원,3F,,검사,
뇌신경센터,서울성모병원,3F,,진료,
뇌유발전위검사,서울성모병원,3F,,검사,
뇌졸중병동,서울성모병원,10F,,병동,Stroke
뇌졸중집중치료실,서울성모병원,10F,,중환자실,
뇌파검사,서울성모병원,3F,,검사,
뇌혈류검사,서울성모병원,B1F,,,검사
뇌혈류초음파,서울성모병원,3F,,검사,
다학제통합진료실,서울성모병원,3F,,진료,
당뇨교육,서울성모병원,1F,,,지원
당뇨합병증검사,서울성모병원,1F,,,검사
대강당,서울성모병원,B1F,,,공용
대장암병동,서울성모병원,16F,,병동,16-2
대장암병동,서울성모병원,16F,,병동,16-2
대장항문외과,서울성모병원,1F,,,진료
대장항문외과병동,서울성모병원,15F,,병동,
대장항문외과병동,서울성모병원,16F,,병동,
대장항문외과병동,서울성모병원,16F,,병동,
대회의실,서울성모병원,21F,,공용,
도서휴게실,서울성모병원,19F,,편의,박금애 도서관
동맥경화검사,서울성모병원,2F,,검사,
라운지,서울성모병원,2F,,편의,
라운지,서울성모병원,3F,,편의,
레이노드영상검사,서울성모병원,2F,,검사,
레이저클리닉,서울성모병원,3F,,치료,
로봇수술실,서울성모병원,5F,,의료,
로봇수술트레이닝센터,서울성모병원,B1F,,,의료
롤링핀,서울성모병원,B1F,,,상업
류마티스내과병동,서울성모병원,14F,,병동,14-1
류마티스센터,서울성모병원,2F,,진료,
리김밥,서울성모병원,B1F,,,상업
린넨실,서울성모병원,B2F,,,시설
마취과교수실,서울성모병원,5F,,사무,
마취과의국,서울성모병원,5F,,사무,수술실 내부
만성신부전교육,서울성모병원,1F,,,지원
면역검사실,서울성모병원,4F,,검사,
면회안내,서울성모병원,5F,,안내,위독/임종기 외 면회 제한
모발검사,서울성모병원,1F,,,검사
물리치료실,서울성모병원,2F,,치료,
물품보관함,서울성모병원,B1F,,,편의
미생물부,서울성모병원,4F,,검사,
미화사무실,서울성모병원,B3F,,5000,사무
박동기클리닉,서울성모병원,2F,,진료,
반송기계실,서울성모병원,B2F,,,시설
발성치료실,서울성모병원,3F,,치료,
방광경실,서울성모병원,4F,,검사,
방사선종양학과,서울성모병원,B1F,,,진료
방사선종양학과의국,서울성모병원,B1F,,,사무
법무팀,서울성모병원,1F,,원무,고객상담 포함
병동약국,서울성모병원,B2F,,,의료
병동약국안내,서울성모병원,1F,,안내,이후 B2 병동약국 이용
병리과,서울성모병원,4F,,진료,
보존과,서울성모병원,4F,,진료,
보철과,서울성모병원,4F,,진료,
보청기실,서울성모병원,3F,,시설,
보호자대기실,서울성모병원,5F,,편의,현재 운영X
복막투석실,서울성모병원,1F,,,진료
복부판독실,서울성모병원,2F,,시설,
복수천자검사,서울성모병원,3F,,검사,
복약상담실,서울성모병원,6F,,의료,
본죽,서울성모병원,B1F,,,상업
부인암병동,서울성모병원,16F,,병동,16-1
부인암병동,서울성모병원,16F,,병동,16-1
북문,서울성모병원,1F,,시설,일요일/공휴일 폐쇄
분만실,서울성모병원,9F,,의료,
분자병리클리닉,서울성모병원,4F,,검사,
비강검사실,서울성모병원,3F,,검사,
비뇨기과병동,서울성모병원,8F,,병동,08-02
비뇨기과의국,서울성모병원,16F,,사무,
비뇨기과의국,서울성모병원,16F,,사무,
비뇨의학과,서울성모병원,4F,,진료,
비만외과병동,서울성모병원,15F,,병동,
뼈관절스캔,서울성모병원,B1F,,,검사
뼈스캔,서울성모병원,B1F,,,검사
사회사업팀,서울성모병원,6F,,사무,
산부인과,서울성모병원,3F,,진료,자궁근종센터/부인암센터
산부인과병동,서울성모병원,8F,,병동,8-0
산부인과병동(산과),서울성모병원,9F,,병동,9-0
산부인과의국,서울성모병원,9F,,사무,2813
산부인과학교실,서울성모병원,9F,,사무,2814
산업의학과의국,서울성모병원,15F,,사무,직업환경의학과
샐러드박스,서울성모병원,B1F,,,상업
생화학부,서울성모병원,4F,,검사,
선천성질환센터,서울성모병원,3F,,진료,피부과 옆
설비팀,서울성모병원,B6F,,,사무
성당,서울성모병원,1F,,시설,미사 운영
성물방,서울성모병원,B1F,,,상업
성분헌혈실,서울성모병원,4F,,검사,사혈실
성형외과,서울성모병원,3F,,진료,
성형외과병동,서울성모병원,12F,,병동,12-01
성형외과의국,서울성모병원,12F,,사무,
세미나실,서울성모병원,B1F,,,공용
세븐일레븐,서울성모병원,B1F,,,편의
세탁실,서울성모병원,B2F,,,시설
세포영양검사,서울성모병원,1F,,,검사
세포치료센터,서울성모병원,1F,,,진료
소변검사,서울성모병원,1F,,,검사
소아결핵검사,서울성모병원,1F,,,검사
소아심장초음파실,서울성모병원,4F,,검사,
소아안센터,서울성모병원,1F,,,진료
소아외과,서울성모병원,1F,,,진료
소아외과병동,서울성모병원,15F,,병동,15-1
소아응급실,서울성모병원,1F,,,진료
소아청소년과,서울성모병원,1F,,,진료
소아청소년과병동,서울성모병원,11F,,병동,11-01
소아청소년과의국,서울성모병원,11F,,사무,
소아체성분검사,서울성모병원,1F,,,검사
소아호르몬검사,서울성모병원,1F,,,검사
소화기내과병동,서울성모병원,13F,,병동,13-2
소화기센터,서울성모병원,3F,,진료,
소화기암병동,서울성모병원,15F,,병동,
수납(안센터옆),서울성모병원,1F,,원무,안센터 옆 수납
수납(외래약국앞),서울성모병원,1F,,원무,외래약국 앞 수납
수면다윈검사실,서울성모병원,10F,,검사,
수술실,서울성모병원,5F,,의료,
수술전준비실,서울성모병원,5F,,의료,
수술전협진실,서울성모병원,2F,,진료,
수유실,서울성모병원,1F,,,편의
수유실,서울성모병원,3F,,편의,
수혈관리실,서울성모병원,4F,,시설,
수혈실,서울성모병원,1F,,,진료
순환기내과,서울성모병원,2F,,진료,
순환기내과병동,서울성모병원,14F,,병동,14-2
신경계중환자실,서울성모병원,10F,,중환자실,NCU
신경과,서울성모병원,2F,,진료,
신경과병동,서울성모병원,8F,,병동,08-01
신경과의국,서울성모병원,10F,,사무,
신경외과,서울성모병원,2F,,진료,
신경외과병동,서울성모병원,10F,,병동,10-01
신경외과병동2,서울성모병원,10F,,병동,10-02
신경외과의국,서울성모병원,10F,,사무,
신경판독실,서울성모병원,2F,,시설,
신생아실,서울성모병원,9F,,병동,
신생아중환자실,서울성모병원,9F,,중환자실,NICU A/B
신장내과,서울성모병원,1F,,,진료
신장내과병동,서울성모병원,11F,,병동,
신장스캔,서울성모병원,B1F,,,검사
신장초음파,서울성모병원,1F,,,검사
신협,서울성모병원,B1F,,,금융
심뇌혈관병원,서울성모병원,2F,,진료,
심리검사,서울성모병원,3F,,검사,
심리치료실,서울성모병원,2F,,치료,
심장기능검사실,서울성모병원,2F,,검사,홀터검사
심장운동검사,서울성모병원,B1F,,,검사
심장중환자실,서울성모병원,5F,,의료,CCU
심장초음파실,서울성모병원,4F,,검사,
심장혈관흉부외과,서울성모병원,2F,,진료,
심전도검사,서울성모병원,2F,,검사,
심전도검사,서울성모병원,3F,,검사,
심혈관촬영실,서울성모병원,5F,,검사,심혈관조영술
아띠모,서울성모병원,B1F,,,상업
안경점,서울성모병원,B1F,,,상업
안과병동,서울성모병원,12F,,병동,12-01
안과의국,서울성모병원,13F,,사무,
안센터,서울성모병원,1F,,,진료
안저검사,서울성모병원,1F,,,검사
안전상황실,서울성모병원,B1F,,,시설
알레르기검사실,서울성모병원,3F,,검사,
암센터,서울성모병원,3F,,진료,
암센터조제UNIT,서울성모병원,6F,,의료,
암센터조제실,서울성모병원,6F,,의료,
야외정원,서울성모병원,7F,,편의,
약제부,서울성모병원,B2F,,,의료
어린이학교,서울성모병원,20F,,시설,HICU 연계
언어검사,서울성모병원,3F,,검사,
언어치료실,서울성모병원,2F,,치료,
엑티칼검사,서울성모병원,1F,,,검사
연하검사,서울성모병원,2F,,검사,삼킴검사
영상의학과,서울성모병원,2F,,진료,CT/MRI/X-RAY
영상의학과의국,서울성모병원,2F,,사무,
영상의학과회의실,서울성모병원,2F,,공용,
영상자료관리실,서울성모병원,2F,,시설,
영상정보실,서울성모병원,2F,,시설,
영양상담실,서울성모병원,B1F,,,지원
영양팀,서울성모병원,B1F,,,사무
예방접종센터,서울성모병원,2F,,진료,
옥진주상담,서울성모병원,4F,,상담,개원 관련 상담
올가홀푸드,서울성모병원,B1F,,,상업
외과,서울성모병원,1F,,,진료
외과중환자실,서울성모병원,5F,,의료,SICU
외래,서울성모병원,B1F,,,진료
외래,서울성모병원,1F,,,진료
외래,서울성모병원,2F,,진료,2층 외래
외래,서울성모병원,3F,,진료,3층 외래
외래,서울성모병원,4F,,진료,4층 외래
외래약국,서울성모병원,1F,,편의,외래 약국
외래원무팀,서울성모병원,1F,,원무,내원객 안내 제외
외래주사실,서울성모병원,1F,,,진료
요속검사,서울성모병원,4F,,검사,
요역동검사,서울성모병원,4F,,검사,
우리은행,서울성모병원,B1F,,,금융
운동부하검사,서울성모병원,2F,,검사,
운동부하심장초음파,서울성모병원,4F,,검사,
운동처방,서울성모병원,1F,,,지원
운동치료실,서울성모병원,2F,,치료,
운행지원UNIT,서울성모병원,B2F,,,시설
위장관기능검사,서울성모병원,3F,,검사,
위장관외과,서울성모병원,1F,,,진료
위장관외과병동,서울성모병원,15F,,병동,15-1
유방갑상선외과병동,서울성모병원,12F,,병동,12-01
유방암센터,서울성모병원,3F,,진료,
유방초음파,서울성모병원,3F,,검사,
유방촬영,서울성모병원,3F,,검사,당일 가능
유방촬영실,서울성모병원,2F,,검사,
유방판독실,서울성모병원,2F,,시설,
유전진단검사센터,서울성모병원,4F,,검사,
음성검사실,서울성모병원,3F,,검사,
응급신속대응팀,서울성모병원,6F,,의료,SALT팀
응급실,서울성모병원,1F,,,진료
응급의학과의국,서울성모병원,B1F,,,사무
의공학팀,서울성모병원,B1F,,,사무
의료기상사,서울성모병원,B1F,,,상업
의무기록,서울성모병원,1F,,원무,제증명 발급
이발소,서울성모병원,B1F,,,상업
이비인후과,서울성모병원,3F,,진료,
이비인후과병동,서울성모병원,8F,,병동,08-02
이비인후과의국,서울성모병원,7F,,사무,
이식병동,서울성모병원,19F,,병동,무균실
인공신장실,서울성모병원,1F,,,진료
인공와우센터,서울성모병원,3F,,진료,
인지기능검사,서울성모병원,3F,,검사,
임상시험모니터링실,서울성모병원,6F,,연구,
임상심리검사,서울성모병원,3F,,검사,
입원원무팀,서울성모병원,1F,,원무,자보/산재/감면 처리
입원의학과병동,서울성모병원,13F,,병동,
입퇴원수속,서울성모병원,1F,,원무,연중무휴 운영
자기장치료실,서울성모병원,4F,,치료,
자기치료,서울성모병원,3F,,치료,
자율신경검사,서울성모병원,1F,,,검사
자율신경검사,서울성모병원,3F,,검사,
자판기,서울성모병원,2F,,편의,
자판기,서울성모병원,3F,,편의,
잔뇨초음파,서울성모병원,4F,,검사,
장기이식센터,서울성모병원,2F,,진료,
장기이식센터병동,서울성모병원,11F,,병동,11-02
재활의학과,서울성모병원,2F,,진료,
재활의학과병동,서울성모병원,8F,,병동,08-01
재활의학과병동,서울성모병원,12F,,병동,12-01
재활의학과옆수납,서울성모병원,2F,,원무,
재활의학과의국,서울성모병원,12F,,사무,
적외선체열검사,서울성모병원,2F,,검사,
전기팀,서울성모병원,B6F,,,사무
전담간호사실,서울성모병원,B1F,,,의료
전담간호사실,서울성모병원,6F,,사무,
정수기관리요청,서울성모병원,1F,,안내,외래원무팀 문의
정신건강의학과,서울성모병원,3F,,진료,
정신과,서울성모병원,3F,,진료,
정형외과,서울성모병원,2F,,진료,과내 초음파
정형외과병동,서울성모병원,7F,,병동,07-01
정형외과의국,서울성모병원,7F,,사무,
정화조,서울성모병원,B5F,,,시설
제2혈액병원주사실,서울성모병원,6F,,의료,
조갑주름모세혈관검사,서울성모병원,2F,,검사,
조혈모세포이식센터,서울성모병원,3F,,진료,
종양내과,서울성모병원,3F,,진료,
종양내과병동,서울성모병원,15F,,병동,
종양내과병동,서울성모병원,16F,,병동,
종양내과병동,서울성모병원,16F,,병동,
주차관제실,서울성모병원,B3F,,6000,시설
주차등록,서울성모병원,21F,,안내,21층 근무자
주차안내데스크,서울성모병원,B1F,,,시설
중앙공급실,서울성모병원,B2F,,,시설
중재신장클리닉,서울성모병원,1F,,,진료
중증등록,서울성모병원,3F,,원무,
중증응급실,서울성모병원,1F,,,진료
중환자실,서울성모병원,5F,,의료,
중환자외상외과,서울성모병원,1F,,,진료
중환자외상외과병동,서울성모병원,15F,,병동,15-1
지하주차장,서울성모병원,B5F,,,시설
지하주차장,서울성모병원,B4F,,,시설
지하주차장,서울성모병원,B3F,,,시설
지하주차장,서울성모병원,B2F,,,시설
직원휴게실,서울성모병원,5F,,편의,
직장항문초음파,서울성모병원,1F,,,검사
진단검사의학과,서울성모병원,4F,,진료,
진료협력사무실,서울성모병원,B1F,,,사무
진료협력센터,서울성모병원,1F,,원무,회송/전원/상담
채혈실,서울성모병원,1F,,,검사
척추센터,서울성모병원,2F,,진료,
청력검사실,서울성모병원,3F,,검사,
체성분검사,서울성모병원,1F,,,검사
체외충격파쇄석실,서울성모병원,4F,,치료,
체지방검사,서울성모병원,1F,,,검사
초음파실,서울성모병원,2F,,검사,SONO
초진접수,서울성모병원,1F,,원무,당일예약 가능
출입제한구역,서울성모병원,21F,,안내,일반인 출입 제한
치과,서울성모병원,4F,,진료,
치과병동,서울성모병원,8F,,병동,08-02
치과의국,서울성모병원,14F,,사무,
치주과,서울성모병원,4F,,진료,
퀴즈노스,서울성모병원,B1F,,,상업
키오스크,서울성모병원,1F,,편의,수납/증명서/식단
키오스크,서울성모병원,2F,,편의,CD등록/병원안내
타액선검사,서울성모병원,B1F,,,검사
태동검사실,서울성모병원,3F,,검사,
태아정밀초음파,서울성모병원,3F,,검사,
테라노틱스클리닉,서울성모병원,B1F,,,진료
통신UNIT,서울성모병원,6F,,시설,
통원수술실,서울성모병원,5F,,의료,DSC
통원주사실,서울성모병원,6F,,의료,케모포트
통증센터,서울성모병원,3F,,진료,마취통증의학과
투시촬영실,서울성모병원,2F,,검사,
특수뇌파검사,서울성모병원,3F,,검사,
특실,서울성모병원,21F,,병동,
팜플렛요청,서울성모병원,1F,,안내,초진창구 문의
평생건강증진센터,서울성모병원,4F,,진료,
평형검사실,서울성모병원,3F,,검사,
폐기능검사,서울성모병원,3F,,검사,
폐기물처리장,서울성모병원,B2F,,,시설
피부과,서울성모병원,3F,,진료,
피부과의국,서울성모병원,15F,,사무,
피부과치료실,서울성모병원,3F,,치료,
피부초음파,서울성모병원,3F,,검사,
하늘정원,서울성모병원,6F,,편의,옥외 공간
하역장,서울성모병원,B1F,,,시설
항암병동,서울성모병원,19F,,병동,무균실
항암주사조제실,서울성모병원,6F,,의료,
핵의학과,서울성모병원,B1F,,,진료
핵의학과의국,서울성모병원,B1F,,,사무
혈관외과병동,서울성모병원,11F,,병동,
혈관외과병동,서울성모병원,15F,,병동,
혈관이식외과,서울성모병원,1F,,,진료
혈관이식외과,서울성모병원,2F,,진료,
혈관인터베이션실,서울성모병원,2F,,검사,
혈관조영실,서울성모병원,2F,,검사,
혈류검사,서울성모병원,1F,,,검사
혈류초음파,서울성모병원,1F,,,검사
혈액검사,서울성모병원,1F,,,검사
혈액계중환자실,서울성모병원,20F,,중환자실,HICU
혈액내과처치실,서울성모병원,18F,,치료,
혈액병동,서울성모병원,18F,,병동,성인 / 18-1
혈액병원,서울성모병원,3F,,진료,
혈액병원주사실,서울성모병원,3F,,진료,
혈액은행,서울성모병원,4F,,시설,
혈액투석혈관센터,서울성모병원,1F,,,진료
혈청안약조제,서울성모병원,1F,,,지원
호흡기내과,서울성모병원,3F,,진료,알레르기내과 포함
호흡기내과병동,서울성모병원,12F,,병동,12-02
환자이송사무실,서울성모병원,B3F,,8124,사무
환자이송사무실,서울성모병원,B3F,,8127,사무
회복실,서울성모병원,5F,,의료,
회의실,서울성모병원,6F,,공용,
휴대폰충전기,서울성모병원,2F,,편의,유료
휴대폰충전기,서울성모병원,3F,,편의,유료
흉부심장판독실,서울성모병원,2F,,시설,
흉부외과병동,서울성모병원,14F,,병동,14-1
흉부외과병동(심장),서울성모병원,14F,,병동,14-2
흉부외과의국,서울성모병원,14F,,사무,
PBL실,옴니버스B,3F,,강의실,
PBL실,옴니버스B,2F,,강의실,
간호대학장실,옴니버스B,4F,,사무,
간호대행정팀,옴니버스B,4F,,사무,
게스트하우스,옴니버스B,8F,,시설,
게스트하우스,옴니버스B,8F,,시설,
경영관리팀,옴니버스B,7F,,사무,
교수실,옴니버스B,5F,,사무,
구매관재팀,옴니버스B,7F,,사무,
기술지주,옴니버스B,7F,,기업,
대강의실,옴니버스B,4F,,강의실,
대강의실,옴니버스B,3F,,강의실,
대강의실,옴니버스B,2F,,강의실,
대회의실,옴니버스B,4F,,공용,
동창회장실,옴니버스B,4F,,사무,
디지털팜,옴니버스B,3F,,기업,
복사실,옴니버스B,5F,,지원,
산학협력단장실,옴니버스B,7F,,사무,
산학협력팀,옴니버스B,7F,,사무,
서지넥스,옴니버스B,2F,,기업,
세미나실,옴니버스B,5F,,공용,
스카이가든,옴니버스B,7F,,공용,
연구감사실,옴니버스B,7F,,사무,
연구관리팀,옴니버스B,7F,,사무,
연구기획팀,옴니버스B,7F,,사무,
온코인사이트,옴니버스B,6F,,기업,
온코인사이트,옴니버스B,5F,,기업,
의료원대회의실,옴니버스B,6F,,공용,
의생명산업연구원장실,옴니버스B,7F,,사무,
자료실,옴니버스B,5F,,지원,
조교실,옴니버스B,4F,,사무,
주한교황청대사관,옴니버스B,6F,,시설,
중강의실,옴니버스B,3F,,강의실,
중강의실,옴니버스B,2F,,강의실,
진코어,옴니버스B,3F,,기업,
창업보육센터,옴니버스B,7F,,시설,
파마리서치,옴니버스B,5F,,기업,
한미약품제재연구소,옴니버스B,4F,,연구소,
호스피스연구소,옴니버스B,3F,,연구소,
회의실,옴니버스B,6F,,공용,
휴게실,옴니버스B,2F,,편의,
